sampleid,type,group,batch,OrganType,PostInfectionDays,InfectionStatus,InfectionStatus_PostInfectionDays_Combo
Cecum_Start_blank1,blank,NA,NA,Cecum,NA,NA,NA
Cecum_Start_blank2,blank,NA,NA,Cecum,NA,NA,NA
Cecum_Start_blank3,blank,NA,NA,Cecum,NA,NA,NA
Cecum_Start_blank4,blank,NA,NA,Cecum,NA,NA,NA
Cecum_Start_blank5,blank,NA,NA,Cecum,NA,NA,NA
Cecum_6_mix_start,standard,NA,NA,Cecum,NA,NA,NA
Cecum_pooled_QC1,quality control,NA,NA,Cecum,NA,NA,NA
Cecum_pooled_QC2,quality control,NA,NA,Cecum,NA,NA,NA
Cecum_pooled_QC3,quality control,NA,NA,Cecum,NA,NA,NA
Cecum_pooled_QC4,quality control,NA,NA,Cecum,NA,NA,NA
Cecum_pooled_QC5,quality control,NA,NA,Cecum,NA,NA,NA
Cecum_pooled_QC6,quality control,NA,NA,Cecum,NA,NA,NA
Cecum_pooled_QC7,quality control,NA,NA,Cecum,NA,NA,NA
Cecum-6,sample,Control 1,G680,Cecum,5Days,Uninfected,5Days_Uninfected
Cecum-35,sample,Control 1,G680,Cecum,5Days,Uninfected,5Days_Uninfected
Cecum-64,sample,Control 1,G680,Cecum,5Days,Uninfected,5Days_Uninfected
Cecum-93,sample,Control 1,G680,Cecum,5Days,Uninfected,5Days_Uninfected
Cecum-122,sample,Control 1,G680,Cecum,5Days,Uninfected,5Days_Uninfected
Cecum-151,sample,GSM 1,G680,Cecum,5Days,Infected,5Days_Infected
Cecum-180,sample,GSM 1,G680,Cecum,5Days,Infected,5Days_Infected
Cecum-209,sample,GSM 1,G680,Cecum,5Days,Infected,5Days_Infected
Cecum-238,sample,GSM 1,G680,Cecum,5Days,Infected,5Days_Infected
Cecum-267,sample,GSM 1,G680,Cecum,5Days,Infected,5Days_Infected
Cecum-296,sample,Control 2,G680,Cecum,19Days,Uninfected,19Days_Uninfected
Cecum-325,sample,Control 2,G680,Cecum,19Days,Uninfected,19Days_Uninfected
Cecum-354,sample,Control 2,G680,Cecum,19Days,Uninfected,19Days_Uninfected
Cecum-383,sample,Control 2,G680,Cecum,19Days,Uninfected,19Days_Uninfected
Cecum-412,sample,Control 2,G680,Cecum,19Days,Uninfected,19Days_Uninfected
Cecum-441,sample,GSM 2,G680,Cecum,19Days,Infected,19Days_Infected
Cecum-470,sample,GSM 2,G680,Cecum,19Days,Infected,19Days_Infected
Cecum-499,sample,GSM 2,G680,Cecum,19Days,Infected,19Days_Infected
Cecum-528,sample,GSM 2,G680,Cecum,19Days,Infected,19Days_Infected
Cecum-557,sample,GSM 2,G680,Cecum,19Days,Infected,19Days_Infected
Cecum-586,sample,Control 5,G681,Cecum,5Days,Uninfected,5Days_Uninfected
Cecum-615,sample,Control 5,G681,Cecum,5Days,Uninfected,5Days_Uninfected
Cecum-644,sample,Control 5,G681,Cecum,5Days,Uninfected,5Days_Uninfected
Cecum-673,sample,Control 5,G681,Cecum,5Days,Uninfected,5Days_Uninfected
Cecum-702,sample,Control 5,G681,Cecum,5Days,Uninfected,5Days_Uninfected
Cecum-731,sample,GSM 6,G681,Cecum,5Days,Infected,5Days_Infected
Cecum-760,sample,GSM 6,G681,Cecum,5Days,Infected,5Days_Infected
Cecum-789,sample,GSM 6,G681,Cecum,5Days,Infected,5Days_Infected
Cecum-818,sample,GSM 6,G681,Cecum,5Days,Infected,5Days_Infected
Cecum-847,sample,GSM 6,G681,Cecum,5Days,Infected,5Days_Infected
Cecum-876,sample,Control 7,G681,Cecum,19Days,Uninfected,19Days_Uninfected
Cecum-905,sample,Control 7,G681,Cecum,19Days,Uninfected,19Days_Uninfected
Cecum-934,sample,Control 7,G681,Cecum,19Days,Uninfected,19Days_Uninfected
Cecum-963,sample,Control 7,G681,Cecum,19Days,Uninfected,19Days_Uninfected
Cecum-992,sample,Control 7,G681,Cecum,19Days,Uninfected,19Days_Uninfected
Cecum-1021,sample,GSM 8,G681,Cecum,19Days,Infected,19Days_Infected
Cecum-1050,sample,GSM 8,G681,Cecum,19Days,Infected,19Days_Infected
Cecum-1079,sample,GSM 8,G681,Cecum,19Days,Infected,19Days_Infected
Cecum-1108,sample,GSM 8,G681,Cecum,19Days,Infected,19Days_Infected
Cecum-1137,sample,GSM 8,G681,Cecum,19Days,Infected,19Days_Infected
Colon_Start_blank1,blank,NA,NA,Colon,NA,NA,NA
Colon_Start_blank2,blank,NA,NA,Colon,NA,NA,NA
Colon_Start_blank3,blank,NA,NA,Colon,NA,NA,NA
Colon_Start_blank4,blank,NA,NA,Colon,NA,NA,NA
Colon_Start_blank5,blank,NA,NA,Colon,NA,NA,NA
Colon_6_mix_start,standard,NA,NA,Colon,NA,NA,NA
Colon_pooled_QC1,quality control,NA,NA,Colon,NA,NA,NA
Colon_pooled_QC2,quality control,NA,NA,Colon,NA,NA,NA
Colon_pooled_QC3,quality control,NA,NA,Colon,NA,NA,NA
Colon_pooled_QC4,quality control,NA,NA,Colon,NA,NA,NA
Colon_pooled_QC5,quality control,NA,NA,Colon,NA,NA,NA
Colon_pooled_QC6,quality control,NA,NA,Colon,NA,NA,NA
Colon_pooled_QC7,quality control,NA,NA,Colon,NA,NA,NA
Colon-7,sample,Control 1,G680,Colon,5Days,Uninfected,5Days_Uninfected
Colon-36,sample,Control 1,G680,Colon,5Days,Uninfected,5Days_Uninfected
Colon-65,sample,Control 1,G680,Colon,5Days,Uninfected,5Days_Uninfected
Colon-94,sample,Control 1,G680,Colon,5Days,Uninfected,5Days_Uninfected
Colon-123,sample,Control 1,G680,Colon,5Days,Uninfected,5Days_Uninfected
Colon-152,sample,GSM 1,G680,Colon,5Days,Infected,5Days_Infected
Colon-181,sample,GSM 1,G680,Colon,5Days,Infected,5Days_Infected
Colon-210,sample,GSM 1,G680,Colon,5Days,Infected,5Days_Infected
Colon-239,sample,GSM 1,G680,Colon,5Days,Infected,5Days_Infected
Colon-268,sample,GSM 1,G680,Colon,5Days,Infected,5Days_Infected
Colon-297,sample,Control 2,G680,Colon,19Days,Uninfected,19Days_Uninfected
Colon-326,sample,Control 2,G680,Colon,19Days,Uninfected,19Days_Uninfected
Colon-355,sample,Control 2,G680,Colon,19Days,Uninfected,19Days_Uninfected
Colon-384,sample,Control 2,G680,Colon,19Days,Uninfected,19Days_Uninfected
Colon-413,sample,Control 2,G680,Colon,19Days,Uninfected,19Days_Uninfected
Colon-442,sample,GSM 2,G680,Colon,19Days,Infected,19Days_Infected
Colon-471,sample,GSM 2,G680,Colon,19Days,Infected,19Days_Infected
Colon-500,sample,GSM 2,G680,Colon,19Days,Infected,19Days_Infected
Colon-529,sample,GSM 2,G680,Colon,19Days,Infected,19Days_Infected
Colon-558,sample,GSM 2,G680,Colon,19Days,Infected,19Days_Infected
Colon-587,sample,Control 5,G681,Colon,5Days,Uninfected,5Days_Uninfected
Colon-616,sample,Control 5,G681,Colon,5Days,Uninfected,5Days_Uninfected
Colon-645,sample,Control 5,G681,Colon,5Days,Uninfected,5Days_Uninfected
Colon-674,sample,Control 5,G681,Colon,5Days,Uninfected,5Days_Uninfected
Colon-703,sample,Control 5,G681,Colon,5Days,Uninfected,5Days_Uninfected
Colon-732,sample,GSM 6,G681,Colon,5Days,Infected,5Days_Infected
Colon-761,sample,GSM 6,G681,Colon,5Days,Infected,5Days_Infected
Colon-790,sample,GSM 6,G681,Colon,5Days,Infected,5Days_Infected
Colon-819,sample,GSM 6,G681,Colon,5Days,Infected,5Days_Infected
Colon-848,sample,GSM 6,G681,Colon,5Days,Infected,5Days_Infected
Colon-877,sample,Control 7,G681,Colon,19Days,Uninfected,19Days_Uninfected
Colon-906,sample,Control 7,G681,Colon,19Days,Uninfected,19Days_Uninfected
Colon-935,sample,Control 7,G681,Colon,19Days,Uninfected,19Days_Uninfected
Colon-964,sample,Control 7,G681,Colon,19Days,Uninfected,19Days_Uninfected
Colon-993,sample,Control 7,G681,Colon,19Days,Uninfected,19Days_Uninfected
Colon-1022,sample,GSM 8,G681,Colon,19Days,Infected,19Days_Infected
Colon-1051,sample,GSM 8,G681,Colon,19Days,Infected,19Days_Infected
Colon-1080,sample,GSM 8,G681,Colon,19Days,Infected,19Days_Infected
Colon-1109,sample,GSM 8,G681,Colon,19Days,Infected,19Days_Infected
Colon-1138,sample,GSM 8,G681,Colon,19Days,Infected,19Days_Infected
Duodenum_Start_blank1,blank,NA,NA,Duodenum,NA,NA,NA
Duodenum_Start_blank2,blank,NA,NA,Duodenum,NA,NA,NA
Duodenum_Start_blank3,blank,NA,NA,Duodenum,NA,NA,NA
Duodenum_Start_blank4,blank,NA,NA,Duodenum,NA,NA,NA
Duodenum_Start_blank5,blank,NA,NA,Duodenum,NA,NA,NA
Duodenum_6_mix_start,standard,NA,NA,Duodenum,NA,NA,NA
Duodenum_pooled_QC1,quality control,NA,NA,Duodenum,NA,NA,NA
Duodenum_pooled_QC2,quality control,NA,NA,Duodenum,NA,NA,NA
Duodenum_pooled_QC3,quality control,NA,NA,Duodenum,NA,NA,NA
Duodenum_pooled_QC4,quality control,NA,NA,Duodenum,NA,NA,NA
Duodenum_pooled_QC5,quality control,NA,NA,Duodenum,NA,NA,NA
Duodenum_pooled_QC6,quality control,NA,NA,Duodenum,NA,NA,NA
Duodenum_pooled_QC7,quality control,NA,NA,Duodenum,NA,NA,NA
Duodenum-3,sample,Control 1,G680,Duodenum,5Days,Uninfected,5Days_Uninfected
Duodenum-32,sample,Control 1,G680,Duodenum,5Days,Uninfected,5Days_Uninfected
Duodenum-61,sample,Control 1,G680,Duodenum,5Days,Uninfected,5Days_Uninfected
Duodenum-90,sample,Control 1,G680,Duodenum,5Days,Uninfected,5Days_Uninfected
Duodenum-119,sample,Control 1,G680,Duodenum,5Days,Uninfected,5Days_Uninfected
Duodenum-148,sample,GSM 1,G680,Duodenum,5Days,Infected,5Days_Infected
Duodenum-177,sample,GSM 1,G680,Duodenum,5Days,Infected,5Days_Infected
Duodenum-206,sample,GSM 1,G680,Duodenum,5Days,Infected,5Days_Infected
Duodenum-235,sample,GSM 1,G680,Duodenum,5Days,Infected,5Days_Infected
Duodenum-264,sample,GSM 1,G680,Duodenum,5Days,Infected,5Days_Infected
Duodenum-293,sample,Control 2,G680,Duodenum,19Days,Uninfected,19Days_Uninfected
Duodenum-322,sample,Control 2,G680,Duodenum,19Days,Uninfected,19Days_Uninfected
Duodenum-351,sample,Control 2,G680,Duodenum,19Days,Uninfected,19Days_Uninfected
Duodenum-380,sample,Control 2,G680,Duodenum,19Days,Uninfected,19Days_Uninfected
Duodenum-409,sample,Control 2,G680,Duodenum,19Days,Uninfected,19Days_Uninfected
Duodenum-438,sample,GSM 2,G680,Duodenum,19Days,Infected,19Days_Infected
Duodenum-467,sample,GSM 2,G680,Duodenum,19Days,Infected,19Days_Infected
Duodenum-496,sample,GSM 2,G680,Duodenum,19Days,Infected,19Days_Infected
Duodenum-525,sample,GSM 2,G680,Duodenum,19Days,Infected,19Days_Infected
Duodenum-554,sample,GSM 2,G680,Duodenum,19Days,Infected,19Days_Infected
Duodenum-583,sample,Control 5,G681,Duodenum,5Days,Uninfected,5Days_Uninfected
Duodenum-612,sample,Control 5,G681,Duodenum,5Days,Uninfected,5Days_Uninfected
Duodenum-641,sample,Control 5,G681,Duodenum,5Days,Uninfected,5Days_Uninfected
Duodenum-670,sample,Control 5,G681,Duodenum,5Days,Uninfected,5Days_Uninfected
Duodenum-699,sample,Control 5,G681,Duodenum,5Days,Uninfected,5Days_Uninfected
Duodenum-728,sample,GSM 6,G681,Duodenum,5Days,Infected,5Days_Infected
Duodenum-757,sample,GSM 6,G681,Duodenum,5Days,Infected,5Days_Infected
Duodenum-786,sample,GSM 6,G681,Duodenum,5Days,Infected,5Days_Infected
Duodenum-815,sample,GSM 6,G681,Duodenum,5Days,Infected,5Days_Infected
Duodenum-844,sample,GSM 6,G681,Duodenum,5Days,Infected,5Days_Infected
Duodenum-873,sample,Control 7,G681,Duodenum,19Days,Uninfected,19Days_Uninfected
Duodenum-902,sample,Control 7,G681,Duodenum,19Days,Uninfected,19Days_Uninfected
Duodenum-931,sample,Control 7,G681,Duodenum,19Days,Uninfected,19Days_Uninfected
Duodenum-960,sample,Control 7,G681,Duodenum,19Days,Uninfected,19Days_Uninfected
Duodenum-989,sample,Control 7,G681,Duodenum,19Days,Uninfected,19Days_Uninfected
Duodenum-1018,sample,GSM 8,G681,Duodenum,19Days,Infected,19Days_Infected
Duodenum-1047,sample,GSM 8,G681,Duodenum,19Days,Infected,19Days_Infected
Duodenum-1076,sample,GSM 8,G681,Duodenum,19Days,Infected,19Days_Infected
Duodenum-1105,sample,GSM 8,G681,Duodenum,19Days,Infected,19Days_Infected
Duodenum-1134,sample,GSM 8,G681,Duodenum,19Days,Infected,19Days_Infected
Feces_Start_blank1,blank,NA,NA,Feces,NA,NA,NA
Feces_Start_blank2,blank,NA,NA,Feces,NA,NA,NA
Feces_Start_blank3,blank,NA,NA,Feces,NA,NA,NA
Feces_Start_blank4,blank,NA,NA,Feces,NA,NA,NA
Feces_Start_blank5,blank,NA,NA,Feces,NA,NA,NA
Feces_6_mix_start,standard,NA,NA,Feces,NA,NA,NA
Feces_pooled_QC1,quality control,NA,NA,Feces,NA,NA,NA
Feces_pooled_QC2,quality control,NA,NA,Feces,NA,NA,NA
Feces_pooled_QC3,quality control,NA,NA,Feces,NA,NA,NA
Feces_pooled_QC4,quality control,NA,NA,Feces,NA,NA,NA
Feces_pooled_QC5,quality control,NA,NA,Feces,NA,NA,NA
Feces_pooled_QC6,quality control,NA,NA,Feces,NA,NA,NA
Feces_pooled_QC7,quality control,NA,NA,Feces,NA,NA,NA
Feces-9,sample,Control 1,G680,Feces,5Days,Uninfected,5Days_Uninfected
Feces-38,sample,Control 1,G680,Feces,5Days,Uninfected,5Days_Uninfected
Feces-67,sample,Control 1,G680,Feces,5Days,Uninfected,5Days_Uninfected
Feces-96,sample,Control 1,G680,Feces,5Days,Uninfected,5Days_Uninfected
Feces-125,sample,Control 1,G680,Feces,5Days,Uninfected,5Days_Uninfected
Feces-154,sample,GSM 1,G680,Feces,5Days,Infected,5Days_Infected
Feces-183,sample,GSM 1,G680,Feces,5Days,Infected,5Days_Infected
Feces-212,sample,GSM 1,G680,Feces,5Days,Infected,5Days_Infected
Feces-241,sample,GSM 1,G680,Feces,5Days,Infected,5Days_Infected
Feces-270,sample,GSM 1,G680,Feces,5Days,Infected,5Days_Infected
Feces-299,sample,Control 2,G680,Feces,19Days,Uninfected,19Days_Uninfected
Feces-328,sample,Control 2,G680,Feces,19Days,Uninfected,19Days_Uninfected
Feces-357,sample,Control 2,G680,Feces,19Days,Uninfected,19Days_Uninfected
Feces-386,sample,Control 2,G680,Feces,19Days,Uninfected,19Days_Uninfected
Feces-415,sample,Control 2,G680,Feces,19Days,Uninfected,19Days_Uninfected
Feces-444,sample,GSM 2,G680,Feces,19Days,Infected,19Days_Infected
Feces-473,sample,GSM 2,G680,Feces,19Days,Infected,19Days_Infected
Feces-502,sample,GSM 2,G680,Feces,19Days,Infected,19Days_Infected
Feces-531,sample,GSM 2,G680,Feces,19Days,Infected,19Days_Infected
Feces-560,sample,GSM 2,G680,Feces,19Days,Infected,19Days_Infected
Feces-589,sample,Control 5,G681,Feces,5Days,Uninfected,5Days_Uninfected
Feces-618,sample,Control 5,G681,Feces,5Days,Uninfected,5Days_Uninfected
Feces-647,sample,Control 5,G681,Feces,5Days,Uninfected,5Days_Uninfected
Feces-676,sample,Control 5,G681,Feces,5Days,Uninfected,5Days_Uninfected
Feces-705,sample,Control 5,G681,Feces,5Days,Uninfected,5Days_Uninfected
Feces-734,sample,GSM 6,G681,Feces,5Days,Infected,5Days_Infected
Feces-763,sample,GSM 6,G681,Feces,5Days,Infected,5Days_Infected
Feces-792,sample,GSM 6,G681,Feces,5Days,Infected,5Days_Infected
Feces-821,sample,GSM 6,G681,Feces,5Days,Infected,5Days_Infected
Feces-850,sample,GSM 6,G681,Feces,5Days,Infected,5Days_Infected
Feces-879,sample,Control 7,G681,Feces,19Days,Uninfected,19Days_Uninfected
Feces-908,sample,Control 7,G681,Feces,19Days,Uninfected,19Days_Uninfected
Feces-937,sample,Control 7,G681,Feces,19Days,Uninfected,19Days_Uninfected
Feces-966,sample,Control 7,G681,Feces,19Days,Uninfected,19Days_Uninfected
Feces-995,sample,Control 7,G681,Feces,19Days,Uninfected,19Days_Uninfected
Feces-1024,sample,GSM 8,G681,Feces,19Days,Infected,19Days_Infected
Feces-1053,sample,GSM 8,G681,Feces,19Days,Infected,19Days_Infected
Feces-1082,sample,GSM 8,G681,Feces,19Days,Infected,19Days_Infected
Feces-1111,sample,GSM 8,G681,Feces,19Days,Infected,19Days_Infected
Feces-1140,sample,GSM 8,G681,Feces,19Days,Infected,19Days_Infected
Heart_Start_blank1,blank,NA,NA,Heart,NA,NA,NA
Heart_Start_blank2,blank,NA,NA,Heart,NA,NA,NA
Heart_Start_blank3,blank,NA,NA,Heart,NA,NA,NA
Heart_Start_blank4,blank,NA,NA,Heart,NA,NA,NA
Heart_Start_blank5,blank,NA,NA,Heart,NA,NA,NA
Heart_6_mix_start,standard,NA,NA,Heart,NA,NA,NA
Heart_pooled_QC1,quality control,NA,NA,Heart,NA,NA,NA
Heart_pooled_QC2,quality control,NA,NA,Heart,NA,NA,NA
Heart_pooled_QC3_,quality control,NA,NA,Heart,NA,NA,NA
Heart_pooled_QC4,quality control,NA,NA,Heart,NA,NA,NA
Heart_pooled_QC5,quality control,NA,NA,Heart,NA,NA,NA
Heart_pooled_QC6,quality control,NA,NA,Heart,NA,NA,NA
Heart_pooled_QC7,quality control,NA,NA,Heart,NA,NA,NA
Heart-1,sample,Control 1,G680,Heart,5Days,Uninfected,5Days_Uninfected
Heart-30,sample,Control 1,G680,Heart,5Days,Uninfected,5Days_Uninfected
Heart-59,sample,Control 1,G680,Heart,5Days,Uninfected,5Days_Uninfected
Heart-88,sample,Control 1,G680,Heart,5Days,Uninfected,5Days_Uninfected
Heart-117,sample,Control 1,G680,Heart,5Days,Uninfected,5Days_Uninfected
Heart-146,sample,GSM 1,G680,Heart,5Days,Infected,5Days_Infected
Heart-175,sample,GSM 1,G680,Heart,5Days,Infected,5Days_Infected
Heart-204,sample,GSM 1,G680,Heart,5Days,Infected,5Days_Infected
Heart-233,sample,GSM 1,G680,Heart,5Days,Infected,5Days_Infected
Heart-262,sample,GSM 1,G680,Heart,5Days,Infected,5Days_Infected
Heart-291,sample,Control 2,G680,Heart,19Days,Uninfected,19Days_Uninfected
Heart-320,sample,Control 2,G680,Heart,19Days,Uninfected,19Days_Uninfected
Heart-349,sample,Control 2,G680,Heart,19Days,Uninfected,19Days_Uninfected
Heart-378,sample,Control 2,G680,Heart,19Days,Uninfected,19Days_Uninfected
Heart-436,sample,GSM 2,G680,Heart,19Days,Infected,19Days_Infected
Heart-465,sample,GSM 2,G680,Heart,19Days,Infected,19Days_Infected
Heart-494,sample,GSM 2,G680,Heart,19Days,Infected,19Days_Infected
Heart-523,sample,GSM 2,G680,Heart,19Days,Infected,19Days_Infected
Heart-552,sample,GSM 2,G680,Heart,19Days,Infected,19Days_Infected
Heart-581,sample,Control 5,G681,Heart,5Days,Uninfected,5Days_Uninfected
Heart-610,sample,Control 5,G681,Heart,5Days,Uninfected,5Days_Uninfected
Heart-639,sample,Control 5,G681,Heart,5Days,Uninfected,5Days_Uninfected
Heart-668,sample,Control 5,G681,Heart,5Days,Uninfected,5Days_Uninfected
Heart-697,sample,Control 5,G681,Heart,5Days,Uninfected,5Days_Uninfected
Heart-726,sample,GSM 6,G681,Heart,5Days,Infected,5Days_Infected
Heart-755,sample,GSM 6,G681,Heart,5Days,Infected,5Days_Infected
Heart-784,sample,GSM 6,G681,Heart,5Days,Infected,5Days_Infected
Heart-813,sample,GSM 6,G681,Heart,5Days,Infected,5Days_Infected
Heart-842,sample,GSM 6,G681,Heart,5Days,Infected,5Days_Infected
Heart-871,sample,Control 7,G681,Heart,19Days,Uninfected,19Days_Uninfected
Heart-900,sample,Control 7,G681,Heart,19Days,Uninfected,19Days_Uninfected
Heart-929,sample,Control 7,G681,Heart,19Days,Uninfected,19Days_Uninfected
Heart-958,sample,Control 7,G681,Heart,19Days,Uninfected,19Days_Uninfected
Heart-987,sample,Control 7,G681,Heart,19Days,Uninfected,19Days_Uninfected
Heart-1016,sample,GSM 8,G681,Heart,19Days,Infected,19Days_Infected
Heart-1045,sample,GSM 8,G681,Heart,19Days,Infected,19Days_Infected
Heart-1074,sample,GSM 8,G681,Heart,19Days,Infected,19Days_Infected
Heart-1103,sample,GSM 8,G681,Heart,19Days,Infected,19Days_Infected
Heart-1132,sample,GSM 8,G681,Heart,19Days,Infected,19Days_Infected
Ileum_Start_blank1,blank,NA,NA,Ileum,NA,NA,NA
Ileum_Start_blank2,blank,NA,NA,Ileum,NA,NA,NA
Ileum_Start_blank3,blank,NA,NA,Ileum,NA,NA,NA
Ileum_Start_blank4,blank,NA,NA,Ileum,NA,NA,NA
Ileum_Start_blank5,blank,NA,NA,Ileum,NA,NA,NA
Ileum_6_mix_start,standard,NA,NA,Ileum,NA,NA,NA
Ileum_pooled_QC1,quality control,NA,NA,Ileum,NA,NA,NA
Ileum_pooled_QC2,quality control,NA,NA,Ileum,NA,NA,NA
Ileum_pooled_QC3,quality control,NA,NA,Ileum,NA,NA,NA
Ileum_pooled_QC4,quality control,NA,NA,Ileum,NA,NA,NA
Ileum_pooled_QC5,quality control,NA,NA,Ileum,NA,NA,NA
Ileum_pooled_QC6,quality control,NA,NA,Ileum,NA,NA,NA
Ileum_pooled_QC7,quality control,NA,NA,Ileum,NA,NA,NA
Ileum-5,sample,Control 1,G680,Ileum,5Days,Uninfected,5Days_Uninfected
Ileum-34,sample,Control 1,G680,Ileum,5Days,Uninfected,5Days_Uninfected
Ileum-63,sample,Control 1,G680,Ileum,5Days,Uninfected,5Days_Uninfected
Ileum-92,sample,Control 1,G680,Ileum,5Days,Uninfected,5Days_Uninfected
Ileum-121,sample,Control 1,G680,Ileum,5Days,Uninfected,5Days_Uninfected
Ileum-150,sample,GSM 1,G680,Ileum,5Days,Infected,5Days_Infected
Ileum-179,sample,GSM 1,G680,Ileum,5Days,Infected,5Days_Infected
Ileum-208,sample,GSM 1,G680,Ileum,5Days,Infected,5Days_Infected
Ileum-237,sample,GSM 1,G680,Ileum,5Days,Infected,5Days_Infected
Ileum-266,sample,GSM 1,G680,Ileum,5Days,Infected,5Days_Infected
Ileum-295,sample,Control 2,G680,Ileum,19Days,Uninfected,19Days_Uninfected
Ileum-324,sample,Control 2,G680,Ileum,19Days,Uninfected,19Days_Uninfected
Ileum-353,sample,Control 2,G680,Ileum,19Days,Uninfected,19Days_Uninfected
Ileum-382,sample,Control 2,G680,Ileum,19Days,Uninfected,19Days_Uninfected
Ileum-411,sample,Control 2,G680,Ileum,19Days,Uninfected,19Days_Uninfected
Ileum-440,sample,GSM 2,G680,Ileum,19Days,Infected,19Days_Infected
Ileum-469,sample,GSM 2,G680,Ileum,19Days,Infected,19Days_Infected
Ileum-498,sample,GSM 2,G680,Ileum,19Days,Infected,19Days_Infected
Ileum-527,sample,GSM 2,G680,Ileum,19Days,Infected,19Days_Infected
Ileum-556,sample,GSM 2,G680,Ileum,19Days,Infected,19Days_Infected
Ileum-585,sample,Control 5,G681,Ileum,5Days,Uninfected,5Days_Uninfected
Ileum-614,sample,Control 5,G681,Ileum,5Days,Uninfected,5Days_Uninfected
Ileum-643,sample,Control 5,G681,Ileum,5Days,Uninfected,5Days_Uninfected
Ileum-672,sample,Control 5,G681,Ileum,5Days,Uninfected,5Days_Uninfected
Ileum-701,sample,Control 5,G681,Ileum,5Days,Uninfected,5Days_Uninfected
Ileum-730,sample,GSM 6,G681,Ileum,5Days,Infected,5Days_Infected
Ileum-759,sample,GSM 6,G681,Ileum,5Days,Infected,5Days_Infected
Ileum-788,sample,GSM 6,G681,Ileum,5Days,Infected,5Days_Infected
Ileum-817,sample,GSM 6,G681,Ileum,5Days,Infected,5Days_Infected
Ileum-846,sample,GSM 6,G681,Ileum,5Days,Infected,5Days_Infected
Ileum-875,sample,Control 7,G681,Ileum,19Days,Uninfected,19Days_Uninfected
Ileum-904,sample,Control 7,G681,Ileum,19Days,Uninfected,19Days_Uninfected
Ileum-933,sample,Control 7,G681,Ileum,19Days,Uninfected,19Days_Uninfected
Ileum-962,sample,Control 7,G681,Ileum,19Days,Uninfected,19Days_Uninfected
Ileum-991,sample,Control 7,G681,Ileum,19Days,Uninfected,19Days_Uninfected
Ileum-1020,sample,GSM 8,G681,Ileum,19Days,Infected,19Days_Infected
Ileum-1049,sample,GSM 8,G681,Ileum,19Days,Infected,19Days_Infected
Ileum-1078,sample,GSM 8,G681,Ileum,19Days,Infected,19Days_Infected
Ileum-1107,sample,GSM 8,G681,Ileum,19Days,Infected,19Days_Infected
Ileum-1136,sample,GSM 8,G681,Ileum,19Days,Infected,19Days_Infected
Jejunum_Start_blank1,blank,NA,NA,Jejunum,NA,NA,NA
Jejunum_Start_blank2,blank,NA,NA,Jejunum,NA,NA,NA
Jejunum_Start_blank3,blank,NA,NA,Jejunum,NA,NA,NA
Jejunum_Start_blank4,blank,NA,NA,Jejunum,NA,NA,NA
Jejunum_Start_blank5,blank,NA,NA,Jejunum,NA,NA,NA
Jejunum_6_mix_start,standard,NA,NA,Jejunum,NA,NA,NA
Jejunum_pooled_QC1,quality control,NA,NA,Jejunum,NA,NA,NA
Jejunum_pooled_QC2,quality control,NA,NA,Jejunum,NA,NA,NA
Jejunum_pooled_QC3,quality control,NA,NA,Jejunum,NA,NA,NA
Jejunum_pooled_QC4,quality control,NA,NA,Jejunum,NA,NA,NA
Jejunum_pooled_QC5,quality control,NA,NA,Jejunum,NA,NA,NA
Jejunum_pooled_QC6,quality control,NA,NA,Jejunum,NA,NA,NA
Jejunum_pooled_QC7,quality control,NA,NA,Jejunum,NA,NA,NA
Jejunum-4,sample,Control 1,G680,Jejunum,5Days,Uninfected,5Days_Uninfected
Jejunum-33,sample,Control 1,G680,Jejunum,5Days,Uninfected,5Days_Uninfected
Jejunum-62,sample,Control 1,G680,Jejunum,5Days,Uninfected,5Days_Uninfected
Jejunum-91,sample,Control 1,G680,Jejunum,5Days,Uninfected,5Days_Uninfected
Jejunum-120,sample,Control 1,G680,Jejunum,5Days,Uninfected,5Days_Uninfected
Jejunum-149,sample,GSM 1,G680,Jejunum,5Days,Infected,5Days_Infected
Jejunum-178,sample,GSM 1,G680,Jejunum,5Days,Infected,5Days_Infected
Jejunum-207,sample,GSM 1,G680,Jejunum,5Days,Infected,5Days_Infected
Jejunum-236,sample,GSM 1,G680,Jejunum,5Days,Infected,5Days_Infected
Jejunum-265,sample,GSM 1,G680,Jejunum,5Days,Infected,5Days_Infected
Jejunum-294,sample,Control 2,G680,Jejunum,19Days,Uninfected,19Days_Uninfected
Jejunum-323,sample,Control 2,G680,Jejunum,19Days,Uninfected,19Days_Uninfected
Jejunum-352,sample,Control 2,G680,Jejunum,19Days,Uninfected,19Days_Uninfected
Jejunum-381,sample,Control 2,G680,Jejunum,19Days,Uninfected,19Days_Uninfected
Jejunum-410,sample,Control 2,G680,Jejunum,19Days,Uninfected,19Days_Uninfected
Jejunum-439,sample,GSM 2,G680,Jejunum,19Days,Infected,19Days_Infected
Jejunum-468,sample,GSM 2,G680,Jejunum,19Days,Infected,19Days_Infected
Jejunum-497,sample,GSM 2,G680,Jejunum,19Days,Infected,19Days_Infected
Jejunum-526,sample,GSM 2,G680,Jejunum,19Days,Infected,19Days_Infected
Jejunum-555,sample,GSM 2,G680,Jejunum,19Days,Infected,19Days_Infected
Jejunum-584,sample,Control 5,G681,Jejunum,5Days,Uninfected,5Days_Uninfected
Jejunum-613,sample,Control 5,G681,Jejunum,5Days,Uninfected,5Days_Uninfected
Jejunum-642,sample,Control 5,G681,Jejunum,5Days,Uninfected,5Days_Uninfected
Jejunum-671,sample,Control 5,G681,Jejunum,5Days,Uninfected,5Days_Uninfected
Jejunum-700,sample,Control 5,G681,Jejunum,5Days,Uninfected,5Days_Uninfected
Jejunum-729,sample,GSM 6,G681,Jejunum,5Days,Infected,5Days_Infected
Jejunum-758,sample,GSM 6,G681,Jejunum,5Days,Infected,5Days_Infected
Jejunum-787,sample,GSM 6,G681,Jejunum,5Days,Infected,5Days_Infected
Jejunum-816,sample,GSM 6,G681,Jejunum,5Days,Infected,5Days_Infected
Jejunum-845,sample,GSM 6,G681,Jejunum,5Days,Infected,5Days_Infected
Jejunum-874,sample,Control 7,G681,Jejunum,19Days,Uninfected,19Days_Uninfected
Jejunum-903,sample,Control 7,G681,Jejunum,19Days,Uninfected,19Days_Uninfected
Jejunum-932,sample,Control 7,G681,Jejunum,19Days,Uninfected,19Days_Uninfected
Jejunum-961,sample,Control 7,G681,Jejunum,19Days,Uninfected,19Days_Uninfected
Jejunum-990,sample,Control 7,G681,Jejunum,19Days,Uninfected,19Days_Uninfected
Jejunum-1019,sample,GSM 8,G681,Jejunum,19Days,Infected,19Days_Infected
Jejunum-1048,sample,GSM 8,G681,Jejunum,19Days,Infected,19Days_Infected
Jejunum-1077,sample,GSM 8,G681,Jejunum,19Days,Infected,19Days_Infected
Jejunum-1106,sample,GSM 8,G681,Jejunum,19Days,Infected,19Days_Infected
Jejunum-1135,sample,GSM 8,G681,Jejunum,19Days,Infected,19Days_Infected
Liver_Start_blank1,blank,NA,NA,Liver,NA,NA,NA
Liver_Start_blank2,blank,NA,NA,Liver,NA,NA,NA
Liver_Start_blank3,blank,NA,NA,Liver,NA,NA,NA
Liver_Start_blank4,blank,NA,NA,Liver,NA,NA,NA
Liver_Start_blank5,blank,NA,NA,Liver,NA,NA,NA
Liver_6_mix_start,standard,NA,NA,Liver,NA,NA,NA
Liver_pooled_QC1,quality control,NA,NA,Liver,NA,NA,NA
Liver_pooled_QC2,quality control,NA,NA,Liver,NA,NA,NA
Liver_pooled_QC3,quality control,NA,NA,Liver,NA,NA,NA
Liver_pooled_QC4,quality control,NA,NA,Liver,NA,NA,NA
Liver_pooled_QC5,quality control,NA,NA,Liver,NA,NA,NA
Liver_pooled_QC6,quality control,NA,NA,Liver,NA,NA,NA
Liver_pooled_QC7,quality control,NA,NA,Liver,NA,NA,NA
Liver-8,sample,Control 1,G680,Liver,5Days,Uninfected,5Days_Uninfected
Liver-37,sample,Control 1,G680,Liver,5Days,Uninfected,5Days_Uninfected
Liver-66,sample,Control 1,G680,Liver,5Days,Uninfected,5Days_Uninfected
Liver-95,sample,Control 1,G680,Liver,5Days,Uninfected,5Days_Uninfected
Liver-124,sample,Control 1,G680,Liver,5Days,Uninfected,5Days_Uninfected
Liver-153,sample,GSM 1,G680,Liver,5Days,Infected,5Days_Infected
Liver-182,sample,GSM 1,G680,Liver,5Days,Infected,5Days_Infected
Liver-211,sample,GSM 1,G680,Liver,5Days,Infected,5Days_Infected
Liver-240,sample,GSM 1,G680,Liver,5Days,Infected,5Days_Infected
Liver-269,sample,GSM 1,G680,Liver,5Days,Infected,5Days_Infected
Liver-298,sample,Control 2,G680,Liver,19Days,Uninfected,19Days_Uninfected
Liver-327,sample,Control 2,G680,Liver,19Days,Uninfected,19Days_Uninfected
Liver-356,sample,Control 2,G680,Liver,19Days,Uninfected,19Days_Uninfected
Liver-385,sample,Control 2,G680,Liver,19Days,Uninfected,19Days_Uninfected
Liver-414,sample,Control 2,G680,Liver,19Days,Uninfected,19Days_Uninfected
Liver-443,sample,GSM 2,G680,Liver,19Days,Infected,19Days_Infected
Liver-472,sample,GSM 2,G680,Liver,19Days,Infected,19Days_Infected
Liver-501,sample,GSM 2,G680,Liver,19Days,Infected,19Days_Infected
Liver-530,sample,GSM 2,G680,Liver,19Days,Infected,19Days_Infected
Liver-559,sample,GSM 2,G680,Liver,19Days,Infected,19Days_Infected
Liver-588,sample,Control 5,G681,Liver,5Days,Uninfected,5Days_Uninfected
Liver-617,sample,Control 5,G681,Liver,5Days,Uninfected,5Days_Uninfected
Liver-646,sample,Control 5,G681,Liver,5Days,Uninfected,5Days_Uninfected
Liver-675,sample,Control 5,G681,Liver,5Days,Uninfected,5Days_Uninfected
Liver-704,sample,Control 5,G681,Liver,5Days,Uninfected,5Days_Uninfected
Liver-733,sample,GSM 6,G681,Liver,5Days,Infected,5Days_Infected
Liver-762,sample,GSM 6,G681,Liver,5Days,Infected,5Days_Infected
Liver-791,sample,GSM 6,G681,Liver,5Days,Infected,5Days_Infected
Liver-820,sample,GSM 6,G681,Liver,5Days,Infected,5Days_Infected
Liver-849,sample,GSM 6,G681,Liver,5Days,Infected,5Days_Infected
Liver-878,sample,Control 7,G681,Liver,19Days,Uninfected,19Days_Uninfected
Liver-907,sample,Control 7,G681,Liver,19Days,Uninfected,19Days_Uninfected
Liver-936,sample,Control 7,G681,Liver,19Days,Uninfected,19Days_Uninfected
Liver-965,sample,Control 7,G681,Liver,19Days,Uninfected,19Days_Uninfected
Liver-994,sample,Control 7,G681,Liver,19Days,Uninfected,19Days_Uninfected
Liver-1023,sample,GSM 8,G681,Liver,19Days,Infected,19Days_Infected
Liver-1052,sample,GSM 8,G681,Liver,19Days,Infected,19Days_Infected
Liver-1081,sample,GSM 8,G681,Liver,19Days,Infected,19Days_Infected
Liver-1110,sample,GSM 8,G681,Liver,19Days,Infected,19Days_Infected
Liver-1139,sample,GSM 8,G681,Liver,19Days,Infected,19Days_Infected
Lung_Start_blank1,blank,NA,NA,Lung,NA,NA,NA
Lung_Start_blank2,blank,NA,NA,Lung,NA,NA,NA
Lung_Start_blank3,blank,NA,NA,Lung,NA,NA,NA
Lung_Start_blank4,blank,NA,NA,Lung,NA,NA,NA
Lung_Start_blank5,blank,NA,NA,Lung,NA,NA,NA
Lung_6_mix_start,standard,NA,NA,Lung,NA,NA,NA
Lung_pooled_QC1,quality control,NA,NA,Lung,NA,NA,NA
Lung_pooled_QC2,quality control,NA,NA,Lung,NA,NA,NA
Lung_pooled_QC3,quality control,NA,NA,Lung,NA,NA,NA
Lung_pooled_QC4,quality control,NA,NA,Lung,NA,NA,NA
Lung_pooled_QC5,quality control,NA,NA,Lung,NA,NA,NA
Lung_pooled_QC6,quality control,NA,NA,Lung,NA,NA,NA
Lung_pooled_QC7,quality control,NA,NA,Lung,NA,NA,NA
Lung-2,sample,Control 1,G680,Lung,5Days,Uninfected,5Days_Uninfected
Lung-31,sample,Control 1,G680,Lung,5Days,Uninfected,5Days_Uninfected
Lung-60,sample,Control 1,G680,Lung,5Days,Uninfected,5Days_Uninfected
Lung-89,sample,Control 1,G680,Lung,5Days,Uninfected,5Days_Uninfected
Lung-118,sample,Control 1,G680,Lung,5Days,Uninfected,5Days_Uninfected
Lung-147,sample,GSM 1,G680,Lung,5Days,Infected,5Days_Infected
Lung-176,sample,GSM 1,G680,Lung,5Days,Infected,5Days_Infected
Lung-205,sample,GSM 1,G680,Lung,5Days,Infected,5Days_Infected
Lung-234,sample,GSM 1,G680,Lung,5Days,Infected,5Days_Infected
Lung-263,sample,GSM 1,G680,Lung,5Days,Infected,5Days_Infected
Lung-292,sample,Control 2,G680,Lung,19Days,Uninfected,19Days_Uninfected
Lung-321,sample,Control 2,G680,Lung,19Days,Uninfected,19Days_Uninfected
Lung-350,sample,Control 2,G680,Lung,19Days,Uninfected,19Days_Uninfected
Lung-379,sample,Control 2,G680,Lung,19Days,Uninfected,19Days_Uninfected
Lung-408,sample,Control 2,G680,Lung,19Days,Uninfected,19Days_Uninfected
Lung-437,sample,GSM 2,G680,Lung,19Days,Infected,19Days_Infected
Lung-466,sample,GSM 2,G680,Lung,19Days,Infected,19Days_Infected
Lung-495,sample,GSM 2,G680,Lung,19Days,Infected,19Days_Infected
Lung-524,sample,GSM 2,G680,Lung,19Days,Infected,19Days_Infected
Lung-553,sample,GSM 2,G680,Lung,19Days,Infected,19Days_Infected
Lung-582,sample,Control 5,G681,Lung,5Days,Uninfected,5Days_Uninfected
Lung-611,sample,Control 5,G681,Lung,5Days,Uninfected,5Days_Uninfected
Lung-640,sample,Control 5,G681,Lung,5Days,Uninfected,5Days_Uninfected
Lung-669,sample,Control 5,G681,Lung,5Days,Uninfected,5Days_Uninfected
Lung-698,sample,Control 5,G681,Lung,5Days,Uninfected,5Days_Uninfected
Lung-727,sample,GSM 6,G681,Lung,5Days,Infected,5Days_Infected
Lung-756,sample,GSM 6,G681,Lung,5Days,Infected,5Days_Infected
Lung-785,sample,GSM 6,G681,Lung,5Days,Infected,5Days_Infected
Lung-814,sample,GSM 6,G681,Lung,5Days,Infected,5Days_Infected
Lung-843,sample,GSM 6,G681,Lung,5Days,Infected,5Days_Infected
Lung-872,sample,Control 7,G681,Lung,19Days,Uninfected,19Days_Uninfected
Lung-901,sample,Control 7,G681,Lung,19Days,Uninfected,19Days_Uninfected
Lung-930,sample,Control 7,G681,Lung,19Days,Uninfected,19Days_Uninfected
Lung-959,sample,Control 7,G681,Lung,19Days,Uninfected,19Days_Uninfected
Lung-988,sample,Control 7,G681,Lung,19Days,Uninfected,19Days_Uninfected
Lung-1017,sample,GSM 8,G681,Lung,19Days,Infected,19Days_Infected
Lung-1046,sample,GSM 8,G681,Lung,19Days,Infected,19Days_Infected
Lung-1075,sample,GSM 8,G681,Lung,19Days,Infected,19Days_Infected
Lung-1104,sample,GSM 8,G681,Lung,19Days,Infected,19Days_Infected
Lung-1133,sample,GSM 8,G681,Lung,19Days,Infected,19Days_Infected
Serum_Start_blank1,blank,NA,NA,Serum,NA,NA,NA
Serum_Start_blank2,blank,NA,NA,Serum,NA,NA,NA
Serum_Start_blank3,blank,NA,NA,Serum,NA,NA,NA
Serum_Start_blank4,blank,NA,NA,Serum,NA,NA,NA
Serum_Start_blank5,blank,NA,NA,Serum,NA,NA,NA
Serum_6_mix_start,standard,NA,NA,Serum,NA,NA,NA
Serum_pooled_QC1,quality control,NA,NA,Serum,NA,NA,NA
Serum_pooled_QC2,quality control,NA,NA,Serum,NA,NA,NA
Serum_pooled_QC3,quality control,NA,NA,Serum,NA,NA,NA
Serum_pooled_QC4,quality control,NA,NA,Serum,NA,NA,NA
Serum_pooled_QC5,quality control,NA,NA,Serum,NA,NA,NA
Serum_pooled_QC6,quality control,NA,NA,Serum,NA,NA,NA
Serum_pooled_QC7,quality control,NA,NA,Serum,NA,NA,NA
Serum-10,sample,Control 1,G680,Serum,5Days,Uninfected,5Days_Uninfected
Serum-39,sample,Control 1,G680,Serum,5Days,Uninfected,5Days_Uninfected
Serum-68,sample,Control 1,G680,Serum,5Days,Uninfected,5Days_Uninfected
Serum-97,sample,Control 1,G680,Serum,5Days,Uninfected,5Days_Uninfected
Serum-126,sample,Control 1,G680,Serum,5Days,Uninfected,5Days_Uninfected
Serum-155,sample,GSM 1,G680,Serum,5Days,Infected,5Days_Infected
Serum-184,sample,GSM 1,G680,Serum,5Days,Infected,5Days_Infected
Serum-213,sample,GSM 1,G680,Serum,5Days,Infected,5Days_Infected
Serum-242,sample,GSM 1,G680,Serum,5Days,Infected,5Days_Infected
Serum-271,sample,GSM 1,G680,Serum,5Days,Infected,5Days_Infected
Serum-300,sample,Control 2,G680,Serum,19Days,Uninfected,19Days_Uninfected
Serum-329,sample,Control 2,G680,Serum,19Days,Uninfected,19Days_Uninfected
Serum-358,sample,Control 2,G680,Serum,19Days,Uninfected,19Days_Uninfected
Serum-387,sample,Control 2,G680,Serum,19Days,Uninfected,19Days_Uninfected
Serum-416,sample,Control 2,G680,Serum,19Days,Uninfected,19Days_Uninfected
Serum-445,sample,GSM 2,G680,Serum,19Days,Infected,19Days_Infected
Serum-474,sample,GSM 2,G680,Serum,19Days,Infected,19Days_Infected
Serum-503,sample,GSM 2,G680,Serum,19Days,Infected,19Days_Infected
Serum-532,sample,GSM 2,G680,Serum,19Days,Infected,19Days_Infected
Serum-561,sample,GSM 2,G680,Serum,19Days,Infected,19Days_Infected
Serum-590,sample,Control 5,G681,Serum,5Days,Uninfected,5Days_Uninfected
Serum-619,sample,Control 5,G681,Serum,5Days,Uninfected,5Days_Uninfected
Serum-648,sample,Control 5,G681,Serum,5Days,Uninfected,5Days_Uninfected
Serum-677,sample,Control 5,G681,Serum,5Days,Uninfected,5Days_Uninfected
Serum-706,sample,Control 5,G681,Serum,5Days,Uninfected,5Days_Uninfected
Serum-735,sample,GSM 6,G681,Serum,5Days,Infected,5Days_Infected
Serum-764,sample,GSM 6,G681,Serum,5Days,Infected,5Days_Infected
Serum-793,sample,GSM 6,G681,Serum,5Days,Infected,5Days_Infected
Serum-822,sample,GSM 6,G681,Serum,5Days,Infected,5Days_Infected
Serum-851,sample,GSM 6,G681,Serum,5Days,Infected,5Days_Infected
Serum-880,sample,Control 7,G681,Serum,19Days,Uninfected,19Days_Uninfected
Serum-909,sample,Control 7,G681,Serum,19Days,Uninfected,19Days_Uninfected
Serum-938,sample,Control 7,G681,Serum,19Days,Uninfected,19Days_Uninfected
Serum-967,sample,Control 7,G681,Serum,19Days,Uninfected,19Days_Uninfected
Serum-996,sample,Control 7,G681,Serum,19Days,Uninfected,19Days_Uninfected
Serum-1025,sample,GSM 8,G681,Serum,19Days,Infected,19Days_Infected
Serum-1054,sample,GSM 8,G681,Serum,19Days,Infected,19Days_Infected
Serum-1083,sample,GSM 8,G681,Serum,19Days,Infected,19Days_Infected
Serum-1112,sample,GSM 8,G681,Serum,19Days,Infected,19Days_Infected
Serum-1141,sample,GSM 8,G681,Serum,19Days,Infected,19Days_Infected